<?xml version="1.0" encoding="ISO-8859-1"?>
<VPosTagFeaSel version="3.0"
  xmlns="http://www.dmg.org/PMML-3-0"
  xmlns:xsi="http://www.w3.org/2001/XMLSchema_instance"  >
	<ctxpre value = "w:0"/>		
	<ctxpre value = "w:1"/>
	<ctxpre value = "w:2"/>
	<ctxpre value = "w:-1"/>
	<ctxpre value = "w:-2"/>
	<ctxpre value = "wj:0:1"/>				
	<ctxpre value = "wj:-1:0"/>
	<ctxpre value = "prf:0"/>
	<ctxpre value = "sff:0"/>
	<ctxpre value = "an:0"/>
	<ctxpre value = "hn:0"/>
	<ctxpre value = "an:-1"/>
	<ctxpre value = "hn:-1"/>
	<ctxpre value = "an:1"/>
	<ctxpre value = "hn:1"/>
	<ctxpre value = "hyph:0"/>
	<ctxpre value = "slash:0"/>
	<ctxpre value = "hyph:-1"/>
	<ctxpre value = "slash:-1"/>	
	<ctxpre value = "com:0"/>
	<ctxpre value = "com:-1"/>
	<ctxpre value = "ac:0"/>
	<ctxpre value = "ic:0"/>
	<ctxpre value = "ac:-1"/>
	<ctxpre value = "ic:-1"/>
	<ctxpre value = "mk:0"/>
	<ctxpre value = "mk:-1"/>
	<ctxpre value = "mk:1"/>
	<ctxpre value = "dict:0"/>
	<ctxpre value = "dict:1"/>	
	<ctxpre value = "dict:-1"/>
	<ctxpre value = "rr:0"/>
</VPosTagFeaSel>